d,chi_PS,chi_PC,J_tot,J_tot_err
12,0.5,-1.25,3.8846,0.010106
14,0.5,-1.25,6.0175,0.038308
12,0.5,-1.0,0.0326,9.5e-05
8,0.5,-1.0,0.1373,0.0001
