d,chi_PS,chi_PC,J_tot,J_tot_err
12,0.5,-1.25,3.8846,0.010106
14,0.5,-1.25,6.0175,0.038308
4,0.5,-1.0,0.4134,0.0001
8,0.5,-1.0,0.1373,0.0001
12,0.5,-1.0,0.0326,9.5e-05
14,0.5,-1.0,0.0084,0.0
16,0.5,-1.0,0.0013,0.0
18,0.5,-1.0,0.0001,0.0
4,0.5,-1.4,0.9991,0.0002
6,0.5,-1.4,1.6025,0.0003
8,0.5,-1.4,4.0561,0.0008
10,0.5,-1.4,0.0,0.0
12,0.5,-1.4,24.8616,0.2996
14,0.5,-1.4,36.4488,3.8868
